time,open,high,low,close,volume
09:30:00,677.275,680.65,675.87,678.495,352207
09:31:00,678.76,679.82,676.94,678.545,72290
09:32:00,678.545,679.15,672.98,673.37,84638
09:33:00,673.06,673.69,668.62,670.975,125224
09:34:00,670.7,673,670.01,672.16,41114
09:35:00,672.06,673.325,670.28,671.6,82265
09:36:00,671.4,673.605,670.71,673.36,45403
09:37:00,672.971,673.685,672.01,673.56,42846
09:38:00,673.56,674.38,672.73,673.045,37956
09:39:00,673,673.125,671.05,671.92,48255
09:40:00,671.6428,672.29,668.8,668.81,70120
09:41:00,668.7,670.55,668.41,669.615,74900
09:42:00,669.5415,669.82,667.55,667.55,65065
09:43:00,667.725,669.77,667.39,668.966,28162
09:44:00,669,669.55,667,667.165,46908
09:45:00,667.12,669.17,666.55,668.24,51152
09:46:00,668.255,669.85,665,669.85,75237
09:47:00,669.69,670.44,668.82,669.5,28256
09:48:00,669.47,670.78,668.41,670.29,23254
09:49:00,670.28,670.9699,669.845,670.26,26061
09:50:00,670.02,671.205,669.6186,671.14,19970
09:51:00,671.11,672.24,670,670.43,22287
09:52:00,670.33,672.13,670.265,671.71,12536
09:53:00,671.675,672.36,670.87,672.36,18159
09:54:00,672.36,672.55,671.255,671.44,13422
09:55:00,671.43,672.28,671.1,671.525,15524
09:56:00,671.565,672.35,671.292,672.155,29690
09:57:00,672.4199,672.45,671.5,671.8,13339
09:58:00,671.71,672.65,671.29,671.46,66896
09:59:00,671.46,671.56,670.61,671.045,21599
10:00:00,670.6801,671.085,670.0005,670.595,19002
10:01:00,670.56,671.46,670,671.03,21640
10:02:00,671.27,671.3075,670.24,670.75,19109
10:03:00,670.6702,671.4,670.21,671.27,9568
10:04:00,671.09,672.5,670.5901,672.35,17710
10:05:00,672.25,672.73,671.29,671.73,58608
10:06:00,672.027,672.027,670.25,670.73,18863
10:07:00,670.6075,671.25,670.5,671.25,16158
10:08:00,671.23,671.455,670.25,670.895,51604
10:09:00,670.925,671.44,670.45,671.12,9952
10:10:00,671.44,672.59,671.42,672.48,29020
10:11:00,672.405,672.66,671.3001,671.575,22087
10:12:00,671.575,672.9,671.39,672.5,24872
10:13:00,672.5,672.61,671.57,671.9,17852
10:14:00,671.92,672.5,671.23,671.2889,14076
10:15:00,671.445,672.15,671.1601,672.09,10798
10:16:00,672.12,672.69,671.6614,671.855,23388
10:17:00,671.83,672.3,671.6601,672.18,10586
10:18:00,672.09,673.2899,671.89,673.04,13057
10:19:00,673.04,673.545,672.5,673.47,18487
10:20:00,673.52,674.84,673.52,674.71,46829
10:21:00,674.62,674.62,673.81,674.07,31597
10:22:00,674.13,674.73,673.8,674.5,44459
10:23:00,674.5,674.67,673.86,674.385,15019
10:24:00,674.27,675.6601,674.27,675.2916,35656
10:25:00,675.26,675.78,674.6998,675.725,16794
10:26:00,675.83,675.91,675.5,675.65,18847
10:27:00,675.76,676.5,675,676.32,31880
10:28:00,676.5,677.53,676.4,677.33,39180
10:29:00,677.33,677.53,676.1,676.63,36578
10:30:00,676.72,677.78,676.405,677.59,16343
10:31:00,677.615,678.75,677.54,678.74,26376
10:32:00,678.81,679.48,678.5717,679.01,24106
10:33:00,678.935,679.0599,678.6436,678.6501,24758
10:34:00,678.7,678.75,677.47,678.38,28148
10:35:00,678.515,679.25,678.245,679.2,39696
10:36:00,679.3,680.77,679.3,679.69,69041
10:37:00,679.97,679.97,678.08,678.34,19724
10:38:00,678.34,678.48,677.62,678.415,27158
10:39:00,678.4556,678.64,678.22,678.41,18515
10:40:00,678.59,678.59,677.62,677.6458,31739
10:41:00,677.67,677.79,676.84,677.03,33724
10:42:00,677.03,677.78,677.03,677.77,21696
10:43:00,677.77,679.02,677.665,678.99,29915
10:44:00,678.875,679.22,678.256,678.92,21778
10:45:00,678.75,678.9,678.1819,678.235,22712
10:46:00,678.2,678.99,677.89,678.8115,15286
10:47:00,678.9848,679.26,678.6005,678.88,16424
10:48:00,678.85,679.76,678.77,679.45,27944
10:49:00,679.45,679.76,678.89,679.365,22859
10:50:00,679.48,679.5,678.0901,678.1056,20689
10:51:00,678.28,678.29,677.5,677.91,16936
10:52:00,677.91,678.47,677.7466,678.074,12946
10:53:00,678.115,678.13,677.6201,678.125,15858
10:54:00,678.125,678.2212,677.3803,677.94,22112
10:55:00,677.9,678.4306,677.4455,677.955,7690
10:56:00,677.94,679,677.9148,678.8413,15128
10:57:00,678.99,680.1,678.8918,680.04,30296
10:58:00,680.1,681.9,680.1,681.605,60217
10:59:00,681.5,681.8,680.1118,680.27,25828
11:00:00,680.43,680.69,678.6,679.41,32192
11:01:00,679.2176,679.58,678.7073,679.29,22477
11:02:00,679.315,680.075,679.0001,679.8,11255
11:03:00,679.565,680,679.12,679.4,8490
11:04:00,679.479,679.93,678.7,679.36,15216
11:05:00,679.16,680,678.7,679.475,10841
11:06:00,679.3,679.75,678.83,679.11,8114
11:07:00,679,679.0999,678.1,678.228,12299
11:08:00,678.3536,678.7799,678.08,678.27,12106
11:09:00,678.2776,679.45,678.098,679.45,10500
11:10:00,679.4835,680.079,679.33,679.5816,12674
11:11:00,679.56,680.23,679.25,680.065,11045
11:12:00,680.0475,680.2,678.6701,678.88,20786
11:13:00,678.76,679.35,678.67,678.855,11905
11:14:00,678.855,678.855,676.76,677.28,31974
11:15:00,677.32,677.32,676.22,676.665,30635
11:16:00,676.665,676.71,676.1101,676.2054,10762
11:17:00,676.345,676.879,676.2,676.26,20035
11:18:00,676.32,676.32,675.52,675.55,23618
11:19:00,675.52,676.42,675.33,676.165,19081
11:20:00,676.165,677.05,676.02,676.15,20101
11:21:00,676.26,676.32,675.68,675.91,8254
11:22:00,675.905,676.13,675.59,675.7675,14354
11:23:00,675.77,675.95,675.44,675.665,12002
11:24:00,675.645,676.0899,674.77,675.8826,23446
11:25:00,675.9404,676.88,675.52,676.23,25484
11:26:00,676.475,677.09,676.2,676.905,9938
11:27:00,676.7,676.9,675.84,675.84,17661
11:28:00,675.79,676.13,675.16,675.27,16360
11:29:00,675.285,675.46,674.62,675.105,14136
11:30:00,675.1388,675.84,675.04,675.65,50731
11:31:00,675.5218,676.79,675.5218,676.535,10116
11:32:00,676.535,676.93,676.3,676.68,12663
11:33:00,676.72,676.92,675.97,676.325,15629
11:34:00,676.26,676.61,675.97,676.6,8628
11:35:00,676.605,676.849,676.24,676.27,17004
11:36:00,676.255,676.5,676.045,676.255,13895
11:37:00,676.255,676.41,675.25,675.5,9100
11:38:00,675.8599,675.8599,675.27,675.48,6646
11:39:00,675.51,676.105,675.31,676.105,10123
11:40:00,676.25,676.46,675.705,675.73,4578
11:41:00,675.88,676.13,675.485,675.97,11253
11:42:00,675.865,676.6,675.865,676.48,9524
11:43:00,676.245,677.13,675.49,676.11,50334
11:44:00,676.11,676.29,675.885,676.105,13348
11:45:00,676.12,676.905,676.105,676.575,20760
11:46:00,676.4323,676.7,676.31,676.66,14499
11:47:00,676.66,677.4,676.38,676.49,14415
11:48:00,676.19,676.84,676.19,676.525,18732
11:49:00,676.525,676.83,675.5,676.115,19148
11:50:00,675.9601,677.0954,675.9601,677.0954,9506
11:51:00,677.11,677.66,677.03,677.35,21065
11:52:00,677.5,677.66,677.115,677.115,7192
11:53:00,677.115,677.2,676.18,676.503,11642
11:54:00,676.33,676.475,675.4,675.885,16702
11:55:00,675.885,675.885,674.99,675.1,18330
11:56:00,675.05,676.22,675.025,675.78,13906
11:57:00,675.68,675.91,674.35,674.5,18308
11:58:00,674.51,674.92,674.32,674.725,15162
11:59:00,674.7525,674.93,674.4,674.62,7427
12:00:00,674.65,674.65,673.01,673.2,18609
12:01:00,673.02,673.55,672.61,673.35,24950
12:02:00,673.37,673.84,673.205,673.25,14059
12:03:00,673.11,673.63,672.99,673.185,7598
12:04:00,673,673,671.7,672.09,17435
12:05:00,672.11,672.39,671.5,672.1819,16746
12:06:00,672.34,672.5,672.0211,672.26,18145
12:07:00,672.368,672.7895,671.9,672.72,31849
12:08:00,672.72,673.26,672.57,672.74,14691
12:09:00,672.62,672.66,672,672.44,13351
12:10:00,672.445,672.8599,672.21,672.8599,13568
12:11:00,672.695,672.74,671.85,671.94,19989
12:12:00,671.93,672.155,671.11,671.11,14697
12:13:00,671.12,671.71,671.07,671.62,11824
12:14:00,671.495,671.6,670.63,670.93,21755
12:15:00,670.85,671.09,669.67,670.32,63085
12:16:00,670.5,670.86,669.9001,670.78,16168
12:17:00,670.81,671.18,670.5,670.9298,15348
12:18:00,670.58,671.23,670.575,670.67,11207
12:19:00,670.73,670.73,669.1,669.56,17501
12:20:00,669.38,669.73,668.24,668.625,21326
12:21:00,668.7,669.915,668.57,669.915,30004
12:22:00,669.725,670,668.9401,669.17,11218
12:23:00,669.265,669.3321,668.6701,668.89,28994
12:24:00,668.86,669.15,668.55,668.77,17321
12:25:00,668.715,669.09,668.45,668.935,15766
12:26:00,669.09,669.37,668.73,668.9365,14096
12:27:00,669.17,669.91,669.085,669.715,12494
12:28:00,669.79,670.3399,669.45,670.185,15291
12:29:00,670.23,670.43,669.79,670.02,14000
12:30:00,670.2,670.53,670.0466,670.315,8066
12:31:00,670.315,670.7,670.03,670.449,19811
12:32:00,670.08,670.78,669.6408,670.49,15132
12:33:00,670.835,670.835,670.12,670.28,9697
12:34:00,670.27,670.52,669.79,670.325,13798
12:35:00,670.325,670.75,670.045,670.51,21099
12:36:00,670.525,670.53,669.65,670.2375,17060
12:37:00,670.185,670.2599,669.8,669.96,10145
12:38:00,670.0699,670.2,669.651,670.015,12717
12:39:00,670.015,670.28,669.55,669.62,20370
12:40:00,669.42,669.72,669.03,669.25,12612
12:41:00,669.265,669.48,668.421,668.575,16802
12:42:00,668.59,668.62,668.11,668.455,13119
12:43:00,668.455,668.64,668,668.125,14792
12:44:00,668.125,668.57,668.125,668.45,11681
12:45:00,668.45,669.205,668.45,669.07,14000
12:46:00,669.09,670.29,669,670.14,16230
12:47:00,670.14,671.085,669.965,670.96,15640
12:48:00,671.07,671.9999,670.9,671.34,22620
12:49:00,671.3496,671.8,669.91,670.475,20978
12:50:00,670.205,671.13,669.87,670.785,11867
12:51:00,670.87,670.89,669.44,669.7,17242
12:52:00,669.86,670.739,669.56,670.56,17965
12:53:00,670.565,670.9,670.195,670.195,22445
12:54:00,670.34,670.58,670.0801,670.58,12745
12:55:00,670.58,670.78,670.19,670.35,15244
12:56:00,670.345,671.29,670.11,670.275,25215
12:57:00,670.35,670.59,669.406,669.542,24668
12:58:00,669.61,669.65,669.16,669.415,7725
12:59:00,669.42,670.44,669.35,670.235,30124
13:00:00,670.04,670.3455,669.2201,669.2201,7443
13:01:00,669.485,670.4199,669.375,669.9676,11795
13:02:00,669.91,669.91,669.19,669.375,8851
13:03:00,669.31,669.64,669.15,669.2,15520
13:04:00,669.03,669.34,668.65,669,15472
13:05:00,669.125,669.25,668.51,668.85,31607
13:06:00,668.845,669.22,668.51,668.835,21786
13:07:00,668.83,669.48,668.67,669.17,45063
13:08:00,669,669.44,669,669.37,7288
13:09:00,669.37,669.52,668.745,669.1,9154
13:10:00,669.22,669.4181,668.79,669.4181,12457
13:11:00,669.29,669.29,668.9,669.105,6368
13:12:00,669.105,669.37,668.7105,668.85,6106
13:13:00,668.855,669.04,668.39,669.04,15752
13:14:00,669.0399,669.07,668.63,668.66,18057
13:15:00,668.68,669.86,668.68,669.72,56965
13:16:00,669.71,670.52,669.58,669.85,27330
13:17:00,669.85,670,669.17,669.8,11441
13:18:00,670.02,670.02,669.53,670,13107
13:19:00,670,670.2246,669.59,669.97,24028
13:20:00,669.9,670.3399,669.735,670,12383
13:21:00,669.955,670.2,669.7201,670.06,5466
13:22:00,669.969,670.3099,669.56,669.75,7611
13:23:00,669.69,669.84,669.26,669.485,12114
13:24:00,669.485,669.6,669.32,669.41,13538
13:25:00,669.3,669.54,668.5,669.395,24136
13:26:00,669.25,669.78,669.04,669.6,19391
13:27:00,669.59,670,669.37,669.69,7477
13:28:00,669.72,670.47,669.53,670.33,34973
13:29:00,670.32,670.5,669.58,669.9699,20605
13:30:00,669.74,670.0399,669.51,669.65,4437
13:31:00,669.65,669.65,669.19,669.29,8781
13:32:00,669.29,669.5,668.91,669.255,13532
13:33:00,669.255,669.375,668.4,668.75,6596
13:34:00,668.54,669.22,668.25,668.91,24768
13:35:00,669.35,670.16,669.25,669.71,22172
13:36:00,670.14,670.15,668.82,668.86,13630
13:37:00,668.8,669.1585,668.38,668.39,13320
13:38:00,668.39,668.6899,667.52,668.08,16281
13:39:00,667.99,668.52,667.775,668.185,26039
13:40:00,668.0301,668.3399,667.83,668.16,7888
13:41:00,668.185,668.21,667.6,667.9499,9801
13:42:00,667.95,668.81,667.82,668.81,15153
13:43:00,668.82,668.9599,668.3701,668.785,5640
13:44:00,668.7664,669.05,668.381,668.61,9900
13:45:00,668.62,668.635,668.13,668.23,10204
13:46:00,668.405,668.83,668.24,668.65,17193
13:47:00,668.48,668.91,668.42,668.71,10631
13:48:00,668.55,668.71,668.07,668.53,7471
13:49:00,668.53,668.73,668.2884,668.57,20489
13:50:00,668.57,668.81,668.31,668.8,7288
13:51:00,668.5,668.7899,668.32,668.63,8069
13:52:00,668.495,669.525,668.49,669.5,25571
13:53:00,669.5,670.05,669.43,670,21514
13:54:00,669.99,670.15,669.7801,669.9273,10097
13:55:00,669.87,669.96,669.51,669.76,14211
13:56:00,669.91,669.91,669.22,669.505,17738
13:57:00,669.51,669.61,668.54,668.62,13715
13:58:00,668.625,669.05,668.42,668.91,14276
13:59:00,668.79,668.88,668.58,668.7476,15531
14:00:00,668.58,668.97,668.255,668.76,11173
14:01:00,668.74,669.08,668.66,668.95,4006
14:02:00,668.95,669.2142,668.79,668.925,7865
14:03:00,668.9375,669.09,668.8,669.07,7455
14:04:00,668.98,669.5,668.82,668.96,16281
14:05:00,669.05,669.43,668.73,668.855,12265
14:06:00,668.925,669.25,668.65,669.25,11289
14:07:00,669.16,669.3,666.72,667.42,30552
14:08:00,667.32,670.5,667,669.75,66778
14:09:00,669.65,670.53,668.53,669.65,58085
14:10:00,669.85,674.31,669.77,672.65,73314
14:11:00,672.9699,673.53,671.41,671.6,22366
14:12:00,671.6,672.21,669.29,669.29,21275
14:13:00,669.04,670.77,668.9001,670.76,29883
14:14:00,670.92,671.08,669.905,669.905,14872
14:15:00,669.905,670.28,669.385,670.138,12727
14:16:00,670.27,670.52,669.51,669.66,12946
14:17:00,669.53,669.91,669.17,669.463,10608
14:18:00,669.52,670.13,669.04,669.735,18218
14:19:00,669.64,670.11,669.34,669.545,10904
14:20:00,669.39,669.99,669.29,669.375,11012
14:21:00,669.56,670.14,669.031,669.385,16442
14:22:00,669.38,669.9,669.215,669.69,6543
14:23:00,669.51,669.51,668.1901,668.45,24472
14:24:00,668.71,668.71,667.255,667.4992,19641
14:25:00,667.43,667.79,667.14,667.2776,11712
14:26:00,667.275,667.8,667.115,667.69,27297
14:27:00,667.6344,667.68,667.1,667.3899,8518
14:28:00,667.3,668.21,667.245,667.8715,27666
14:29:00,667.865,668.27,667.1701,668.125,13135
14:30:00,668.3,668.7,667.74,668.7,12196
14:31:00,668.8,669,668.32,668.97,13606
14:32:00,668.89,669.3,668.54,668.9853,15538
14:33:00,669.11,669.33,668.81,669.25,19395
14:34:00,669.245,669.34,668.14,668.325,18470
14:35:00,668.17,668.3,667.89,668.225,16479
14:36:00,668.23,668.33,667.4,667.685,11881
14:37:00,667.685,667.84,667.4,667.46,15576
14:38:00,667.65,668.01,667.63,667.81,10160
14:39:00,667.74,668.42,667.74,667.745,13930
14:40:00,667.715,667.93,667.48,667.8,7624
14:41:00,667.81,668.33,667.615,668.035,8441
14:42:00,668.2,668.83,668.05,668.49,14393
14:43:00,668.77,668.96,668.27,668.67,7926
14:44:00,668.49,668.67,667.51,667.67,10813
14:45:00,667.5,668.1625,667.1,668.01,32408
14:46:00,668.17,668.41,667.84,668.21,9227
14:47:00,668.275,668.73,668.128,668.24,15626
14:48:00,668.24,668.4799,667.85,668.3,9161
14:49:00,668.395,669.03,668.395,668.6,14518
14:50:00,668.6,668.73,667.3,668.07,47390
14:51:00,668.0932,668.56,667.845,668.17,5034
14:52:00,668.165,668.38,667.81,668.215,7837
14:53:00,668.28,668.36,667.9445,668.045,8546
14:54:00,668.045,668.17,667.625,667.94,12287
14:55:00,667.94,667.96,667.3,667.62,9065
14:56:00,667.5396,667.86,667.39,667.605,12271
14:57:00,667.66,668.11,667.6,667.955,7578
14:58:00,667.975,668.78,667.975,668.685,10023
14:59:00,668.69,668.88,668.11,668.1131,10703
15:00:00,668.085,668.6,668.01,668.115,14275
15:01:00,667.9901,668.16,666.07,668.12,31468
15:02:00,668.14,668.14,667.53,667.595,14301
15:03:00,667.63,667.63,667.04,667.32,10218
15:04:00,667.16,667.56,667.13,667.56,12494
15:05:00,667.58,667.77,667.04,667.09,8883
15:06:00,667.105,667.13,666.52,666.81,17505
15:07:00,666.925,667,665.8401,666.08,25728
15:08:00,666.01,666.6,665.9001,666.15,20464
15:09:00,666,666.26,665.71,665.715,23709
15:10:00,665.78,666.03,665.29,665.675,21090
15:11:00,665.66,665.96,665.36,665.4,15355
15:12:00,665.4,665.405,664.73,664.8,41060
15:13:00,664.85,665.41,664.73,665.35,19707
15:14:00,665.2975,665.4,664.6304,664.71,17568
15:15:00,664.75,664.77,664.32,664.672,23157
15:16:00,664.685,664.95,664.43,664.74,24259
15:17:00,664.64,664.69,663.74,663.85,23284
15:18:00,663.855,663.97,663.26,663.86,23836
15:19:00,663.98,664.43,663.72,664.28,45472
15:20:00,664.28,664.45,663.91,664.24,27808
15:21:00,664.24,664.61,663.86,664.2,31248
15:22:00,664.08,664.46,664.02,664.1,15546
15:23:00,664.15,664.3,663.27,663.31,42653
15:24:00,663.44,663.46,662.61,662.79,20066
15:25:00,662.9399,663.35,662.57,662.57,31967
15:26:00,662.64,662.82,662.045,662.5276,50314
15:27:00,662.505,663,662.21,662.705,23676
15:28:00,662.705,664.1,662.65,663.8174,22222
15:29:00,663.67,664.01,662.7,662.75,22932
15:30:00,662.85,663.3999,662.83,663.2,17674
15:31:00,662.94,662.96,662.3,662.84,18291
15:32:00,662.84,662.91,662.36,662.605,23306
15:33:00,662.605,663.33,662.52,663.12,21638
15:34:00,663.31,663.64,663.12,663.455,16742
15:35:00,663.475,663.7099,663.07,663.42,28552
15:36:00,663.37,663.455,662.88,662.94,22821
15:37:00,663.04,663.5,662.882,663.26,16010
15:38:00,663.32,663.76,663.2,663.755,16199
15:39:00,663.72,664.1014,663.72,663.89,16326
15:40:00,663.89,663.99,663.04,663.125,13897
15:41:00,663.125,663.6,662.875,663.125,19457
15:42:00,663.03,663.4143,662.66,663.21,16782
15:43:00,663.2099,663.2099,662.33,662.4,25488
15:44:00,662.33,662.53,661.91,662,46256
15:45:00,662,662,661.21,661.78,35307
15:46:00,661.64,661.84,661.29,661.595,36909
15:47:00,661.595,661.595,660.62,660.865,45971
15:48:00,660.67,660.9,660.16,660.555,31178
15:49:00,660.55,661.02,660.41,660.85,20652
15:50:00,660.98,663.12,660.75,662.9238,40085
15:51:00,662.9,663.495,662.67,663.285,30437
15:52:00,663.43,663.73,663.19,663.365,40192
15:53:00,663.36,663.88,662.04,662.56,44157
15:54:00,662.605,663.89,662.33,662.8,46539
15:55:00,663.01,663.76,662.84,663.3474,53725
15:56:00,663.365,663.44,662.7,663.23,70745
15:57:00,663.24,663.33,662.5,662.71,71975
15:58:00,662.665,663.29,662.61,663.265,86340
15:59:00,663.265,664.6,663.13,664.54,207240
